{
  "best_metric": null,
  "best_model_checkpoint": null,
  "epoch": 0.03720238095238095,
  "eval_steps": 50,
  "global_step": 100,
  "is_hyper_param_search": false,
  "is_local_process_zero": true,
  "is_world_process_zero": true,
  "log_history": [
    {
      "epoch": 0.02,
      "learning_rate": 0.0001,
      "loss": 0.992,
      "step": 50
    },
    {
      "epoch": 0.02,
      "eval_loss": 0.7507529854774475,
      "eval_runtime": 2281.7039,
      "eval_samples_per_second": 2.356,
      "eval_steps_per_second": 0.295,
      "step": 50
    },
    {
      "epoch": 0.04,
      "learning_rate": 0.0,
      "loss": 0.7254,
      "step": 100
    },
    {
      "epoch": 0.04,
      "eval_loss": 0.7121480703353882,
      "eval_runtime": 2281.478,
      "eval_samples_per_second": 2.356,
      "eval_steps_per_second": 0.295,
      "step": 100
    }
  ],
  "logging_steps": 50,
  "max_steps": 100,
  "num_input_tokens_seen": 0,
  "num_train_epochs": 1,
  "save_steps": 500,
  "total_flos": 209379546759168.0,
  "train_batch_size": 8,
  "trial_name": null,
  "trial_params": null
}
